"username","id","time","likes","retweets","text"
"yhaiyang","1260978132066037762","2020-05-14 16:59:49","0","0","@pigeoncoin @coinexcom We will look into it."
"yhaiyang","1260843121450967040","2020-05-14 08:03:20","52","4","Bitcoin lost the opportunity to become a true currency!"
"yhaiyang","1260842904009928704","2020-05-14 08:02:28","34","5","But history can't be rewritten. BTC scaling failed &amp; congestion began before 2016 halving . By 2020 halving, no. of trans &amp; the fee remained almost unchanged. Temporarily price increase is only because of the congestion."
"yhaiyang","1260842280350433280","2020-05-14 07:59:59","41","8","2012-2016, BTC trans increased tenfold &amp; trans fee was 0.2-0.3 BTC. If BTC scaling was smooth, trans could up another tenfold, with average block size of 10M &amp; a fee of 2-3 BTC, close to 40-50% of block reward. The fee would exceed block reward&amp;maintain healthy operation of BTC."
"yhaiyang","1258701921294016513","2020-05-08 10:14:58","34","17","And exchanges won't always join in the governance, which has requirement for turnout. It hinders the operation of community. @coinexcom will not provide staking, but we provide decentralized wallet &amp; node services on @ViaWallet, and actively participate in community governance. https://t.co/ZOAfbIYMu9"
"yhaiyang","1258701764175425536","2020-05-08 10:14:20","41","16","Exchanges participating in staking is harmful for decentralized community, as it is a mechanism of community governance. Exchanges usually have more assets &amp; more voting weight, and this is a threat to the community‚Äôs decision-making process, such as the recent Steem incident."
"yhaiyang","1256256404375040000","2020-05-01 16:17:21","12","6","Branding new ViaWallet. Will became the best on chain wallet. https://t.co/dcchn5NA4X"
"yhaiyang","1252852894736347143","2020-04-22 06:53:01","4","0","@emilolden When the JavaScript framework was popular"
"yhaiyang","1250706937437536261","2020-04-16 08:45:45","0","2","RT @ViaWallet: #BTC #BitCoin #Bitcoinwallet\nViaWallet RebrandsÔºÅüòÄ\nNew visual system has launched!üëè\nNew Slogan: \n„ÄåVia Wallet,linking you to t‚Ä¶"
"yhaiyang","1248853638836969472","2020-04-11 06:01:24","22","3","Keep transparent https://t.co/9tAaA4XFKH"
"yhaiyang","1248839134925344769","2020-04-11 05:03:46","0","9","RT @DellMember: My Short Video introducing @coinexcom\n\nUploaded in my FLIVE Channel:\nhttps://t.co/f73cyxFzM5\n\nNo CoinEx account yet?\nRegist‚Ä¶"
"yhaiyang","1245972807340576769","2020-04-03 07:14:00","30","8","CoinEx DEX code will be available on GitHub. Developers and communities around the world are welcome to join us and let's build the best DEX together. https://t.co/LRzUWs4SUD"
"yhaiyang","1239483768349454336","2020-03-16 09:28:53","0","11","RT @coinexcom: üòç $3,000 USD is waiting!üí∞"
"yhaiyang","1236637841133690880","2020-03-08 13:00:11","32","7","CoinEx highly valued decentralized community governance spirit, will never misappropriate users assets, nor conduct community voting on behalf of users. \n\nCurrently, the industry still lacks supervision, and exchanges should be more disciplined and neutral."
"yhaiyang","1233007729322680320","2020-02-27 12:35:25","0","6","RT @ViaWallet: New Arrival on ViaWallet. Penny for your thoughts?üßê#ViaWallet #ViaBTC https://t.co/rfrGiS17lc"
"yhaiyang","1230496591389302784","2020-02-20 14:17:03","0","5","RT @coinexcom: New listing: $ZEN \nFor the celebration of ZEN online, #CoinEx will hold the following event: Deposit to Share 200,000 $CET!‚Ä¶"
"yhaiyang","1229323982366760960","2020-02-17 08:37:31","0","6","RT @CoinExChain: üí°Written by the #CoinExChain lab, this article is the second one of the #Wasm Introduction series and introduces instructi‚Ä¶"
"yhaiyang","1228233058735685635","2020-02-14 08:22:35","26","1","In the letter, I‚Äôm going to explain to you in details of what CoinEx has gone through in the past year and every new breakthrough it has achieved. Happy Valentine's Day! https://t.co/51QdZhta0I"
"yhaiyang","1220336266014646273","2020-01-23 13:23:33","15","0","Happy Chinese New Year! Receive $CET here https://t.co/yGo9BXEdGV"
"yhaiyang","1208944679305142272","2019-12-23 02:57:27","0","21","RT @coinexcom: It‚Äôs time for your talent! #CoinEx is ready to hear your song with lots of $BCH &amp; $CET! Sing bravely and win your prize! Eve‚Ä¶"
"yhaiyang","1206403656918003713","2019-12-16 02:40:20","0","7","RT @CoinSpice: Spiciest Person of the Year Runner Up: Haipo Yang, From Prison to BUIDL @yhaiyang, @coinexcom, @CoinExChain, @ViaBTC | https‚Ä¶"
"yhaiyang","1194551038033838082","2019-11-13 09:42:15","25","6","Welcome to join CoinEx community. https://t.co/NRDqS5dzrw"
"yhaiyang","1193932286850293765","2019-11-11 16:43:34","72","19","What a memorable day! The first real Decentralized, Permissionless, Unshutdownable Exchange is launched. https://t.co/bxoT5Le4BY"
"yhaiyang","1192463733718601728","2019-11-07 15:28:03","11","2","@Poloniex $CET Please"
"yhaiyang","1189730399892623360","2019-10-31 02:26:46","2","0","@CreativeName4 @SheriUcar @emilolden No KYC"
"yhaiyang","1189716195471048705","2019-10-31 01:30:19","10","1","@SheriUcar @CreativeName4 @emilolden CET will launch it‚Äôs own public chain soon, and native support token issue and trading."
"yhaiyang","1189423408280264704","2019-10-30 06:06:53","12","3","@emilolden CET will be a better choices"
"yhaiyang","1189047338569887746","2019-10-29 05:12:31","198","46","Congratulations @JihanWu Take over @BITMAINtech control again. Wish Bitmain great again."
"yhaiyang","1188334728799113216","2019-10-27 06:00:52","49","12","Welcome to be part of CoinEx Chain ecosystem! @BitcoinCom @rogerkver @CoinExChain https://t.co/YTsZY1tqI8"
"yhaiyang","1188295719817400321","2019-10-27 03:25:51","0","16","RT @coinexcom: Roger Ver‚Äôs https://t.co/GjPDRKuPDZ has officially announced to join the nodes election of #CoinEx Chain! @CoinExChain @Bitc‚Ä¶"
"yhaiyang","1187937169693741056","2019-10-26 03:41:06","35","17","Currently, the gerenal perceptions of DEX are: high entry barrier,  slow, low-efficiency, etc,. In short, it is difficult to use. CoinEx DEX can exactly solve these problems by providing one-stop financial service that can be easily used even you are a newbie in crypto."
"yhaiyang","1187932104002113537","2019-10-26 03:20:58","0","13","RT @coinexcom: üìà $CET is pumping! \nStay tuned for our meetup in Beijing tomorrow, more exciting news about CoinEx Chain and #DEX to be anno‚Ä¶"
"yhaiyang","1185140299607072768","2019-10-18 10:27:20","0","7","RT @CoinExChain: Another 4 node candidates join CoinEx Chain Global Nodes Election. Check out who they are!üëá\n#CoinEx #CoinExChain #CET\n htt‚Ä¶"
"yhaiyang","1185140274411892736","2019-10-18 10:27:14","0","21","RT @BTCTN: CoinEx Chain Elects New Node Partners https://t.co/PplnfTJ7O7 https://t.co/3zLKnpdC89"
"yhaiyang","1183958362276290567","2019-10-15 04:10:45","0","12","RT @CoinExChain: Only 1‚É£ Day Left!\nSee some highlights of the conference in advance.\nhttps://t.co/1z3v4Z3ol1"
"yhaiyang","1182925409605697539","2019-10-12 07:46:09","35","12","The real point of decentralization is open nodes and license-free issuing for tokens. For now, you can barely see any can meet the standards. Most of the so-called DEXs are in fact the CEXs, while CoinEx DEX is built for a truly decentralized exchange."
"yhaiyang","1182669518507823104","2019-10-11 14:49:20","2","0","@Eraa007 @CoinExChain Yes we have."
"yhaiyang","1182481803543601153","2019-10-11 02:23:26","14","3","See you in Shenzhen on Oct 16. @CoinExChain https://t.co/QTXjDXOdvX"
"yhaiyang","1182230989524758528","2019-10-10 09:46:47","27","9","Blockchain is the financial infrastructure for the future, and it is the mission of CoinEx Chain to realize this vision. https://t.co/fexXUoulk7"
"yhaiyang","1181783907454218240","2019-10-09 04:10:14","0","10","RT @CoinExChain: üì¢CoinEx Chain is going to launch Global Nodes Election. The first launch conference will be held in Shenzhen on October 16‚Ä¶"
"yhaiyang","1177627186649423872","2019-09-27 16:52:55","15","6","@niaga24jam @coinexcom CET $1 will just beginning"
"yhaiyang","1177626916360093703","2019-09-27 16:51:50","2","0","@faizalrahman85 DEX"
"yhaiyang","1177516540918296578","2019-09-27 09:33:15","410","72","Back to Sept 2015, BTC price was around $250. I clearly knew that was a chance, but I told myself to wait for a price under $200, which was proved to be a mistake. Similarly, the current market has almost hit the bottom. It may fall again, but what matters is to seize the chance."
"yhaiyang","1177492857650704385","2019-09-27 07:59:08","29","4","As classic as the theories ""Mining cost decides the price of BTC"" &amp; ""Rising price comes with BTC halving"", these are mere self-deception. When most people in the market are becoming convinced of all that, they seem to work, though in fact, they won't."
"yhaiyang","1177422899004596224","2019-09-27 03:21:09","0","8","RT @coinexcom: A Letter to CoinEx Users from CoinEx CEO, Haipo Yang.\nhttps://t.co/9MHWr8JoPX"
"yhaiyang","1177128417952583680","2019-09-26 07:50:59","24","11","The long-awaited CoinEx Key Account Privileges is officially online now. @coinexcom https://t.co/BtoMjfzfkj"
"yhaiyang","1176703912520429569","2019-09-25 03:44:09","28","2","There's no accurate statistics for BTC network hashrate because it's calculated based on blocks and difficulty in past time. But block mining is a probability event, which has variance with expected value. That's why it's meaningless to calculate it, especially on daily basis."
"yhaiyang","1175698013232066561","2019-09-22 09:07:04","35","9","Market tends to be ineffective in the short term, so fallacies are widely spread and accepted. But a long-term market is usually extremely efficient. However, efficiency is costly."
"yhaiyang","1175695758919491584","2019-09-22 08:58:06","120","28","With the larger blocksize, BCH is in the second position among hard forks of BTC,at lowest price &amp; with high investment value. Now the market is recovering, the topic of increasing block size will be brought up when BTC network is crowding, which brings a full opportunity to BCH."
"yhaiyang","1170965607975489537","2019-09-09 07:42:11","40","17","I just published What Kind of DEX Does CoinEx Want to Develop? https://t.co/jL0ZkPa6Cb"
"yhaiyang","1169615884320555013","2019-09-05 14:18:51","26","0","Funds and consensuess in the bear market are concentrated in Bitcoin, whose proportion of the market value has reached 70%, and this can be a good indicator of bear market: The more bearish the market, the higher the proportions."
"yhaiyang","1165810408550068224","2019-08-26 02:17:15","151","56","I just published The Story behind Bitcoin Fork https://t.co/TWtCLBrbV7"
"yhaiyang","1164076533905907712","2019-08-21 07:27:27","0","5","RT @ViaBTC: We anticipate your partnership in #Staking.ü§© https://t.co/p4hxublspN"
"yhaiyang","1162755703791972352","2019-08-17 15:58:57","13","1","For they are irrelevant results of two different causes - It‚Äôs like you can‚Äôt draw a conclusion and say that education is useless just because some high school dropouts succeeded. https://t.co/aj8bAl3sIB"
"yhaiyang","1162755578654945280","2019-08-17 15:58:27","68","6","Bitcoin is considered a store of value not for its block limit but because it‚Äôs the consensus widely established and accepted over the last decade. Block size limit does great harm to the Bitcoin and the strong BTC price can‚Äôt make it right."
"yhaiyang","1162750669398216706","2019-08-17 15:38:57","19","3","Cryptocurrencies are, in some ways, similar to the programming languages: They are both consensuses with religious qualities, and they fork - P++, for instance, is about to be forked out of PHP. https://t.co/XMx4FdvCFf"
"yhaiyang","1162750227452841985","2019-08-17 15:37:11","2","0","@Dat_Pro_ @coinexcom We will do it soon"
"yhaiyang","1162750151603056642","2019-08-17 15:36:53","1","0","@aresusss @coinexcom 1000 @spicetokens"
"yhaiyang","1162750089950945281","2019-08-17 15:36:38","4","0","@latolati471 @coinexcom 1000 @spicetokens"
"yhaiyang","1162749943494279169","2019-08-17 15:36:04","2","0","@HaleMec12 @coinexcom 1000 @spicetokens"
"yhaiyang","1162749731392503808","2019-08-17 15:35:13","2","0","@aadiskywalker @coinexcom 1000 @spicetokens"
"yhaiyang","1162749546142715906","2019-08-17 15:34:29","3","0","@tamil_crypto @coinexcom 1000 @spicetokens"
"yhaiyang","1162749457521266688","2019-08-17 15:34:08","8","0","@SheriUcar @coinexcom @ViaBTC 1000 @spicetokens"
"yhaiyang","1161643723995795457","2019-08-14 14:20:20","2","0","@indianinchicago @LGOGroup_ @LGOHugo Thanks, We will consider this."
"yhaiyang","1161326660278312960","2019-08-13 17:20:26","0","0","@andzsy @coinex You can checkout our announcement https://t.co/K6N9r0Xb4O"
"yhaiyang","1161179358922285056","2019-08-13 07:35:07","1","0","@indianinchicago @r_kaslan @coinexcom Check out here https://t.co/NX9uKOiHsR"
"yhaiyang","1161147560565723137","2019-08-13 05:28:46","32","4","Don‚Äôt miss the chance to buy BCH at ATL. https://t.co/RFrRbN9oEM"
"yhaiyang","1160224711885778945","2019-08-10 16:21:41","0","13","RT @coinexcom: Option Trading will be soon released on #CoinEx!üí£ In case you don't know, this trading is known for limited loss but UNLIMIT‚Ä¶"
"yhaiyang","1159454895574900737","2019-08-08 13:22:43","14","5","Options will be launch next week on @coinexcom https://t.co/wBd7woLw7R"
"yhaiyang","1158688862991818753","2019-08-06 10:38:46","29","12","$PICE will start trading few hours later on @coinexcom, wish it be accelerated to the moon! https://t.co/ZytE1Uzz1T"
"yhaiyang","1157219299381039105","2019-08-02 09:19:15","98","41","SPICE is the 1st mature token on BCH SLP, to be listed on @coinexcom on Aug 6. Current price: 10X. Still you can get'em at 60 satoshi. RT this with your CoinEx referral code and I'll reward 10K $PICE to 10 users EACH. Draws on TUE."
"yhaiyang","1156865199132954625","2019-08-01 09:52:11","125","13","Happy birthday Bitcoin Cash"
"yhaiyang","1156529556284567552","2019-07-31 11:38:28","18","1","ViaBTC -  Via Bitcoin, Making The World A Better Place. https://t.co/FtdRLknLLY Êù•Ëá™ @YouTube"
"yhaiyang","1156148788643295235","2019-07-30 10:25:26","53","15","üå∂üå∂üå∂üå∂üå∂ https://t.co/jPbvq5q6RL"
"yhaiyang","1155442769977987072","2019-07-28 11:39:58","0","9","RT @coinexcom: FTT world premiere: Strategic listing of FTT with 30,000 FTT giveaway to CET &amp; FTT holders on accelerator. \n#FTT #CoinEx @FT‚Ä¶"
"yhaiyang","1154322938734104579","2019-07-25 09:30:09","4","0","@shortclips1 Same for BSV. If not stable, go and die."
"yhaiyang","1154321519687770112","2019-07-25 09:24:31","44","8","As I have warned before the BSV fork, most BSV wallet and explorer down today, the hole network is not ready for unnecessary big block. Lucky, ViaBTC BSV explorer works fine today. https://t.co/GJMaUx2Foo"
"yhaiyang","1151078372589522945","2019-07-16 10:37:24","0","5","RT @coinexcom: We're happy to announce that #Futures Trading is now introduced on #CoinEx with #AKRO &amp; #STX available at https://t.co/pVkUP‚Ä¶"
"yhaiyang","1150090058377994240","2019-07-13 17:10:12","62","8","BSV/BCH trading pair add margin trading support. It seems a good chance to short $BSV now. https://t.co/VVOGOnQ88a"
"yhaiyang","1148914396715872256","2019-07-10 11:18:32","0","10","RT @CoinExChain: CoinEx Testnet Faucet is live!ü•≥ You may visit here to claim:\nhttps://t.co/bWWEWMmIY6\n#CoinEx #CoinExChain"
"yhaiyang","1148246180763033605","2019-07-08 15:03:17","0","9","RT @CoinExChain: CoinEx Chain R&amp;D team: The future of Blockchain will be propelled by decentralization.\n#CoinExChain https://t.co/bOvtm99JWr"
"yhaiyang","1148134857039667201","2019-07-08 07:40:55","35","4","Talking about Why we build DEX. https://t.co/iDdvcdPIu2"
"yhaiyang","1145535421817876480","2019-07-01 03:31:42","0","7","RT @CoinSpice: https://t.co/QrjrNZNEtv @coinexcom founder @yhaiyang hinted at what was to come in an earlier Telegram AMA, as CoinSpice doc‚Ä¶"
"yhaiyang","1144641767209259009","2019-06-28 16:20:38","0","8","RT @CoinSpice: CoinEx Chain: 3 Public Chains, Interconnected for DEX, Smart Contracts, Privacy @yhaiyang @coinexcom  https://t.co/2zV5P7SHT‚Ä¶"
"yhaiyang","1144620712587493379","2019-06-28 14:56:58","27","4","CoinEx Chain is committed to building the next generation of blockchain as financial infrastructure which includes a series of public chains to realize programmable cash. https://t.co/JLNmLU58vM"
"yhaiyang","1144156099722874880","2019-06-27 08:10:46","78","11","You can short BSV on CoinEx now. https://t.co/C1TRPyFgxY"
"yhaiyang","1143531864063242240","2019-06-25 14:50:16","0","16","RT @coinexcom: 3 days left for @CoinExChain whitepaper to be published https://t.co/5DOigGJd89"
"yhaiyang","1143060662127513601","2019-06-24 07:37:53","1","1","@SMTM_BCH @coinexcom Sure you can always use CET as fee."
"yhaiyang","1142775118965309440","2019-06-23 12:43:14","5","2","@SMTM_BCH @coinexcom Sooner or later"
"yhaiyang","1142090279077310465","2019-06-21 15:21:56","40","8","Excited about the coming CoinEx DEX, an unstoppable and permission less exchange. https://t.co/jJl91YmR1B"
"yhaiyang","1142089519992168448","2019-06-21 15:18:55","31","7","Margin is coming, Futures, Options, Contract is on the plan, coming soon. https://t.co/IEQju0MDgo"
"yhaiyang","1141359795670138880","2019-06-19 14:59:15","0","6","RT @coinexcom: üòçWe are thrilled to announce that Hold &amp; Mine #ALGO is now introduced on #CoinEx with ALGO wallet supported.\n\nhttps://t.co/4‚Ä¶"
"yhaiyang","1140943254218665984","2019-06-18 11:24:04","108","20","Libra will expand the adoption of crypto, good news for BTC, BCH, ETH and so on, not bad news. Libra will be a stable coin, won‚Äôt have invest value."
"yhaiyang","1140646890687496192","2019-06-17 15:46:25","0","9","RT @coinexcom: Take a look at what has changed with #CoinEx App for a better #crypto trading experience. Give it a go now at https://t.co/i‚Ä¶"
"yhaiyang","1139569017218146305","2019-06-14 16:23:20","0","8","RT @coinexcom: #CoinEx Happy #FathersDay!\n\nBehind every father lies an order for responsibility. https://t.co/IhYJmOfzIW"
"yhaiyang","1139476803112726529","2019-06-14 10:16:54","43","11","I remember this dinner. I was happened sit next to CZ, also the same table with roger. This is the first time I meet with CZ, we talked about the technical detail of trading engine, also I advise CZ should ICO an exchange. So amazed by the amazing job of CZ and Binance. https://t.co/3rHBO1ZCq5"
"yhaiyang","1138847808935550976","2019-06-12 16:37:31","0","8","RT @CoinSpice: CoinEx Lists HonestCoin (USDH): First Regulated Stablecoin Issued on Bitcoin Cash @_CryptoDiva @coinexcom @blockvcfund @yhai‚Ä¶"
"yhaiyang","1138822317444743169","2019-06-12 14:56:13","76","15","First SLP token on CoinEx. Excited! https://t.co/RPofku8mx9"
"yhaiyang","1138413436809859072","2019-06-11 11:51:28","159","38","BSV is listed on ViaBTC. https://t.co/8QghmsIQSn"
"yhaiyang","1138140300243755008","2019-06-10 17:46:07","0","677","RT @APompliano: Money is a belief system.\n\nFiat asks you to trust humans that determine monetary policy decisions.\n\nBitcoin asks you to tru‚Ä¶"
"yhaiyang","1136583588462202880","2019-06-06 10:40:18","16","2","Keep building. https://t.co/W3GTDXQ7c6"
"yhaiyang","1136092196971528193","2019-06-05 02:07:41","271","44","No matter CSW is satoshi or not, I will never admit he is satoshi. Satoshi is an classic hacker, CSW is just an cracker. We support BSV mining just because business, stop lying anymore. https://t.co/lOf2jqyh7k"
"yhaiyang","1136090208523284480","2019-06-05 01:59:47","38","1","ViaBTC is start from today of 3 years ago. The blockchain world also change a lot. Excited to see what happens in 5 and 10 anniversary."
"yhaiyang","1135894560498827265","2019-06-04 13:02:21","17","1","Ant ASIC, Small Block, Bitcoin origin is the top three cult in blockchain world."
"yhaiyang","1135852392799383557","2019-06-04 10:14:48","20","6","We will keep communicating with community. https://t.co/7HDr6gPtrE"
"yhaiyang","1135743827329683456","2019-06-04 03:03:24","17","0","It's a sensitive day in china, can't post publicly on @SinaWeibo . https://t.co/RvHvu942gx"
"yhaiyang","1135743430309449728","2019-06-04 03:01:49","2","0","@darthroison @coinexcom We will consider it."
"yhaiyang","1135743321521836032","2019-06-04 03:01:23","1","0","@Mattyarborough1 It's in planing."
"yhaiyang","1135570838759940096","2019-06-03 15:36:00","0","0","@Zigadeebong @shadders333 Miner choice is utopia, it never works."
"yhaiyang","1135545237730783233","2019-06-03 13:54:16","6","0","@shadders333 A thousand holders, a thousand Bitcoin."
"yhaiyang","1135530947716059137","2019-06-03 12:57:29","2","0","@crypto_fan9 After CET chain is online, most people will choice to lock their CET for POS mining. The circulating supply definitely will reduce."
"yhaiyang","1135509518249484288","2019-06-03 11:32:20","32","6","We are keep building CoinEx platform. More features, more coins. We also keep building our team, to offer better service. https://t.co/yuIAnFskB4"
"yhaiyang","1135496178936639493","2019-06-03 10:39:20","12","0","Now you can trade $ATOM in CoinEx. More mature coins is coming. https://t.co/pOh5Do9Ia2"
"yhaiyang","1135453519522041856","2019-06-03 07:49:49","322","86","We receive some demand on mining BSV. We will list BSV on ViaBTC mining pool soon."
"yhaiyang","1135424309797707777","2019-06-03 05:53:45","5","0","@SteinLudvigsen Stable not means nothing changes, but backward compatible. Bitcoin is a product, not religion."
"yhaiyang","1135235482504220672","2019-06-02 17:23:25","2","0","@marcopasha_tr @DigiByteCoin It is in our plan list."
"yhaiyang","1135214021521469445","2019-06-02 15:58:08","26","5","Coin Listing is the most important thing for a blockchain exchange. It decide an exchange success or not in the long run. We will more focus on the native blockchain project in the future and much carefully on the new project."
"yhaiyang","1135139154642079744","2019-06-02 11:00:38","78","25","Miss out $BNB? Taker a look at $CET https://t.co/wrl0jo31m9"
"yhaiyang","1135134428957556736","2019-06-02 10:41:52","4","0","@michinaki_mich It will do as plan, see our announcement: https://t.co/dV4anPoeq6"
"yhaiyang","1135131796327112706","2019-06-02 10:31:24","130","20","Nice to meet with old friends. BCH is suffered a difficult period, it will become more and more better. https://t.co/nDKI0zCGgd"
"yhaiyang","1135115203027144704","2019-06-02 09:25:28","35","9","Margin Trading on CoinEx is in testing now, will come soon."
"yhaiyang","1135114075094937602","2019-06-02 09:20:59","12","3","Now you can Lower your fee by hold $CET https://t.co/DJzlQ2UHHE"
"yhaiyang","1135103738652192769","2019-06-02 08:39:55","1","0","@HimmelderFrau It‚Äôs good chance to get cheaper CET."
"yhaiyang","1135102794984091649","2019-06-02 08:36:10","1","0","@YassineEraman @ViaBTC Thanks for your suggestion."
"yhaiyang","1135102719000076288","2019-06-02 08:35:52","6","0","@xSaludSaru @ViaBTC Yes sure we plan to support Japanese in the future."
"yhaiyang","1135102192342331392","2019-06-02 08:33:46","31","5","This is small step for us. We plan to support more coins in the futures, especially for the Top 50 Coins. https://t.co/foox20MOui"
"yhaiyang","1135091433352777733","2019-06-02 07:51:01","142","35","CoinEx already add SLP token solution support. The first SLP token will list on CoinEx Soon. Also welcome apply to list SLP tokens on CoinEx. #BCH"
"yhaiyang","1133705510656417792","2019-05-29 12:03:51","9","0","How to Become A Hacker https://t.co/ZW22h4bjz7"
"yhaiyang","1127520402253565952","2019-05-12 10:26:26","0","0","@SMTM_BCH Unissued VIAT can‚Äôt change to VIAX or CET."
"yhaiyang","1127434934543572993","2019-05-12 04:46:49","0","4","RT @ViaBTC: In honor of #MothersDay, we're celebrating every amazing mom.\n#ViaBTC https://t.co/ckvwx4rvTU"
"yhaiyang","1119259120526172160","2019-04-19 15:19:03","0","14","RT @coinexcom: #CoinEx Disclosure of CET circulation and future applications https://t.co/DslsiyGncI https://t.co/vVg3i4vC6l"
"yhaiyang","1118113552512847872","2019-04-16 11:26:59","124","25","If BSV price too low and 51% happen, we will reconsider delist BSV. https://t.co/BzFIQPrUrg"
"yhaiyang","1118002345961353216","2019-04-16 04:05:05","123","20",".@coinexcom will not delist BSV because it is an great social experiment."
"yhaiyang","1117851274488082432","2019-04-15 18:04:47","0","1697","RT @krakenfx: Should Kraken delist Bitcoin SV (BSV)? #delistbsv"
"yhaiyang","1116719563431792641","2019-04-12 15:07:46","198","28","Interesting! BTC, BCH, BSV community all agrees that @binance should delist BSV."
"yhaiyang","1116015059749048321","2019-04-10 16:28:19","5","0","@atabeyalican @coinexcom Soon!"
"yhaiyang","1116015024332361729","2019-04-10 16:28:11","6","0","@akaryakar @coinexcom Next week"
"yhaiyang","1115248255305043969","2019-04-08 13:41:19","0","14","RT @coinexcom: #CoinEx #Seele Here comes our first acceleration project Seele (SEELE). Learn more at https://t.co/TqWaybI6Bg. https://t.co/‚Ä¶"
"yhaiyang","1114118430767046656","2019-04-05 10:51:47","73","20","CoinEx is the most friendly exchange for BCHer. Time to join CoinEx https://t.co/Jb0OEU5Ba7 https://t.co/hUGgY6WEzc"
"yhaiyang","1112942711001104384","2019-04-02 04:59:54","53","16","In case you don‚Äôt understand, CoinEx Accelerator is more than IEO https://t.co/eMFFJXR3dy"
"yhaiyang","1112919810944299011","2019-04-02 03:28:54","0","9","RT @ViaBTC: Bitcoin network is getting busier. Do you have unconfirmed transactions? Welcome to use ViaBTC's transaction accelerator!üöÄ #Bit‚Ä¶"
"yhaiyang","1109384736672092160","2019-03-23 09:21:47","0","26","RT @coinexcom: I just published An interesting AMA recap: 90 Minutes with Haipo Yang https://t.co/ATOODB2CsK"
"yhaiyang","1109309849903353856","2019-03-23 04:24:12","0","4","RT @CoinSpice: CoinEx 90 Minute AMA: BSV is a Scam, Decentralized Exchange, Adds Cardano @yhaiyang @coinexcom #bitcoin https://t.co/6AcDDy7‚Ä¶"
"yhaiyang","1109104418346037249","2019-03-22 14:47:54","0","32","RT @coinexcom: #CoinEx ü•≥We'd hate for you to miss the boat. The website for CoinEx Chain, a public chain built for the decentralized exchan‚Ä¶"
"yhaiyang","1108671275067543553","2019-03-21 10:06:44","0","28","RT @coinexcom: #CoinEx TGIF! Come and join an interesting AMA in our telegram group on March 23, 2019, from 2:00 to 3:30 (UTC). HaiPo Yang,‚Ä¶"
"yhaiyang","1108417890812739584","2019-03-20 17:19:53","9","2","@akaryakar Coming soon"
"yhaiyang","1108414788550352897","2019-03-20 17:07:33","62","11","CET looking great today https://t.co/pueA2vsh4s"
"yhaiyang","1107959780792909825","2019-03-19 10:59:31","66","6","What doesn't kill you makes you stronger."
"yhaiyang","1106769896799494144","2019-03-16 04:11:20","0","8","RT @nishantsharma87: It seems that nothing could have made the beautiful day in #Beijing better than meeting the man himself, who's champio‚Ä¶"
"yhaiyang","1105054547976679424","2019-03-11 10:35:09","69","15","CoinEx will continue serve the global users. https://t.co/YTQ35tBeUq"
"yhaiyang","1095887268051480576","2019-02-14 03:27:39","41","6","Happy valentine's day https://t.co/K0QJRktuhU"
"yhaiyang","1088098785790615552","2019-01-23 15:39:01","57","9","I am glad that @ProfFaustus pick up the correct name. https://t.co/fApXQeSMxW"
"yhaiyang","1087378693872246790","2019-01-21 15:57:37","0","90","RT @rogerkver: Bitcoin Cash vs Lightning Network \n\nConsider the actual usability rather than the name calling.\nhttps://t.co/oCDTZR72nz"
"yhaiyang","1036855298302984192","2018-09-04 05:55:41","34","13","Who decide the name of BCH?"
"yhaiyang","1035913019576860672","2018-09-01 15:31:24","63","13","Thanks CSW do the stress test to @coinexcom"
"yhaiyang","1035744952246927361","2018-09-01 04:23:34","21","4","How do we get here?"
"yhaiyang","1035600820924895232","2018-08-31 18:50:50","33","11","To be clear. In this article, the BCIP should vote ‚Äúvia a method that‚Äôs commonly agreed by the community‚Äù. I suggest this method should be Miner Vote. And obviously, most of the community agree with Miner Vote. https://t.co/XVQpCi5CkO"
"yhaiyang","1035499217865908224","2018-08-31 12:07:06","55","14","I just published ‚ÄúThe Proposal of Establishing the Bitcoin Cash Standard Organization (BCSO)‚Äù https://t.co/vpQSgvth90"
"yhaiyang","1035009086167777280","2018-08-30 03:39:30","35","5","The core argument: CSW: we need scale so we will have more tx. The other side: we have more tx so we need scale."
"yhaiyang","1034638751694172160","2018-08-29 03:07:55","45","10","This is FUD. ViaBTC software is not open source. https://t.co/Buib5rboOk"
"yhaiyang","1034302918428581888","2018-08-28 04:53:26","56","8","Does Bitcoin need stable? YES! Does the 128MB block stable now? NO! Does the no cap with miner hard limit stable? NO! Does introduce new OP_CODE affect the stable? NO!"
"yhaiyang","1034135897950760960","2018-08-27 17:49:46","40","9","Split is how the biological evolution, so do the blockchain. Welcome BSV (Bitcoin SV)."
"yhaiyang","1033635064477757441","2018-08-26 08:39:38","31","4","The real competition come from the user demand."
"yhaiyang","1033576042428940289","2018-08-26 04:45:06","29","4","Sure we will support. And when the situation is more clear, we will support the future contract like what we do when the UASF and UAHF on Bitcoin in last july. https://t.co/JAn2nEelbV"
"yhaiyang","1033250976591896577","2018-08-25 07:13:24","1","0","@ProfFaustus When did you move the coins on the burn address of wormhole?"
"yhaiyang","1033185491380654082","2018-08-25 02:53:11","67","12","I really suggest @ProfFaustus add tx replay protection to your new chain, else most exchange won‚Äôt support."
"yhaiyang","1032154393678733312","2018-08-22 06:35:58","0","23","RT @coinexcom: ‚ÄúAsk, Bid &amp; Mine CET‚Äù Releases on Sept. 1st\n\nCoinEx will release ‚ÄúAsk, Bid &amp; Mine CET‚Äù on September 1st, 2018 (HKT): Place l‚Ä¶"
"yhaiyang","1032106474959396864","2018-08-22 03:25:33","21","2","@JynGyu Don't worry. Split is how the system evolution, like the biological."
"yhaiyang","1032105209630081024","2018-08-22 03:20:32","10","0","@JavierGonzalez They should change to BCH."
"yhaiyang","1032102811113160704","2018-08-22 03:11:00","49","10","Bitcoin Cash Classic (BCC) also is a good name. https://t.co/IovUqr7V7c"
"yhaiyang","1031234618475737088","2018-08-19 17:41:07","17","0","@ProfFaustus The scale is came from the usage. Only Bitcoin core will refuse users. We are not core."
"yhaiyang","1031225417850449920","2018-08-19 17:04:33","77","18","Bitcoin Cash will increase then block size as big as we can when it necessary. But I believe it is good for Bitcoin Cash to anit DDOS to keep the block size at a reasonable limit. I believe every serious business on blockchain industry had very bad experience on DDOS."
"yhaiyang","1027924615161499648","2018-08-10 14:28:20","9","0","@realSatoshi3 I am not mean lock the protocol, but more careful and no more UAHF"
"yhaiyang","1027914585607626752","2018-08-10 13:48:29","198","55","We need stop the regular hard fork of Bitcoin Cash. We need stable Bitcoin protocol specificatoon, We need multiple implementation. There should not be dev decide but miner vote."
"yhaiyang","1027167396174286849","2018-08-08 12:19:25","0","38","RT @coinexcom: Holo Online: Deposit 100,000 HOT Get 1 CET\nhttps://t.co/U8q3Ef2Cck https://t.co/b7aN0yC5Sw"
"yhaiyang","1024276550965854208","2018-07-31 12:52:14","100","20","Wormhole is coming https://t.co/DWupizfHn6"
"yhaiyang","1024246940744146944","2018-07-31 10:54:34","0","38","RT @coinexcom: Come and check this video ""https://t.co/WUndBUfMRG and the CET Token Explained"". Many thanks to Mike and Jake @coinspice It'‚Ä¶"
"yhaiyang","1021958991436439552","2018-07-25 03:23:05","43","1","Just share some idea, not mean want to fork the Bitcoin Cash. The value of Bitcoin came from the community."
"yhaiyang","1021699498291027968","2018-07-24 10:11:57","76","15","I believe Bitcoin Cash should decrease the block time from 10min to 1min. As a pool operator, I don‚Äôt see there have any technical problem and this will improve user experience very much."
"yhaiyang","1019979402858205184","2018-07-19 16:16:54","0","27","RT @OneLedgerTech: CoinEx/ViaBTC Makes Strategic Investment in OneLedger to Create a Decentralized Ecosystem\nhttps://t.co/KZj22B64T8"
"yhaiyang","1019977379970613248","2018-07-19 16:08:52","99","19","We will fully support wormhole in @coinexcom and @ViaBTC"
"yhaiyang","1019972779636998145","2018-07-19 15:50:35","0","32","RT @OneLedgerTech: CoinEx/ViaBTC Makes Strategic Investment in OneLedger to Create a Decentralized Ecosystem\n\nhttps://t.co/OvW5bArSwU https‚Ä¶"
"yhaiyang","1019575875480645635","2018-07-18 13:33:26","64","14","Wormhole is a greate token and smart contract solution for BCH: https://t.co/jXvL2cxmat"
"yhaiyang","1018122110433050624","2018-07-14 13:16:41","43","7","@Remy_CashPay On chain is better."
"yhaiyang","1018117523122749440","2018-07-14 12:58:27","314","108","We would like to reward 1 million CET to the first team that bring token solution to BCH, no matter Omni or sidechain. And we will support it on CoinEx."
"yhaiyang","1018116802788773888","2018-07-14 12:55:36","40","14","Hire, location: Shenzhen or HongKong, China. https://t.co/yGWCeg11SD"
"yhaiyang","1017107444806193152","2018-07-11 18:04:46","1","0","@cryptocorpcom Sure. Please PM me the detail."
"yhaiyang","1014215030814851072","2018-07-03 18:31:21","51","9","@EOSfanpage @Egon_01 @coinexcom When Bitcoin Cash is ready."
"yhaiyang","1001114273274249218","2018-05-28 14:53:37","0","3","RT @JavierGonzalez: ÁüøÂ∑•ÊòØÊØîÁâπÂ∏ÅÁöÑË°åÊîøÊùÉÂäõÊâÄÂú®\nhttps://t.co/mjsfr2JC0T\n\nMiners are the executive power of Bitcoin\nhttps://t.co/kwxAeBpoKs\n\nLos mineros s‚Ä¶"
"yhaiyang","1000420505508196352","2018-05-26 16:56:50","0","89","RT @BITCOlNCASH: What is Bitcoin Cash? - @BitcoinrewardsU https://t.co/gsRGbqWxqH"
"yhaiyang","1000364241721769984","2018-05-26 13:13:15","200","42","I wish we can issue tokens over BCH as soon as possible."
"yhaiyang","992747206573678592","2018-05-05 12:45:53","0","22","RT @Edward_BitKan: We have forked https://t.co/TYeh9fnrwX. We can improve bitcoin cash knowledge on https://t.co/f5dBtSGDjx"
"yhaiyang","987252941814771712","2018-04-20 08:53:38","0","5","RT @ViaBTC: ViaBTC is running for EOS Supernode @EOS_io \nPlease vote for us! https://t.co/TEMISufVY9 https://t.co/RnoPrxGC7K"
"yhaiyang","987226806565584896","2018-04-20 07:09:47","1","0","@Billy_931 @kenshishido Sortfork is force. Hard fork is an option."
"yhaiyang","986941752509579264","2018-04-19 12:17:04","1","0","@kyuupichan Great!"
"yhaiyang","986186408573353984","2018-04-17 10:15:36","86","20","I suggest @memobch use viabtc as the block explore, We can decode the OP_RETURN data. https://t.co/fNnh8Cn12V https://t.co/H3RGYRCJqg"
"yhaiyang","986133927474573312","2018-04-17 06:47:04","46","4","Follow me on Memo: https://t.co/is9QEiJGGU"
"yhaiyang","984651915567878146","2018-04-13 04:38:05","40","4","I don‚Äôt have too much opinions on the segwit itself. Segwit is kind of smart thing if we should never do hard fork. The problem is the ideas behind segwit: small block, refuse hard fork, force multiple layers network."
"yhaiyang","983643771958059008","2018-04-10 09:52:05","11","1","@VitalikButerin Thanks for your reply, my intuition is wrong. I was plan do the simulate, someone already did it."
"yhaiyang","983584490759962624","2018-04-10 05:56:31","4","0","@Bitcoin $1 @tipprbot"
"yhaiyang","983370058742153219","2018-04-09 15:44:26","2","0","@thomaskerin In segwit, old node can‚Äôt verify the new block. They still valid it because they are fooled by the new node, they did not get the full block."
"yhaiyang","983369149018652672","2018-04-09 15:40:49","37","9","The core strategy of selfish miner is get lower orphan rate than honest miner. Not need complex math, it is very easy to prove the SM cannot achieve this when he is the minority."
"yhaiyang","983214062975647745","2018-04-09 05:24:34","70","21","Segwit is not great technology, it is a ugly hack. It is a hard fork by definition, because it expand the consensus."
"yhaiyang","982551869414260736","2018-04-07 09:33:15","140","30","Both BTC and BCH is rebuilding their payment network. BTC rebuild it with lightning network, which will lead to a dead end."
"yhaiyang","981397351012225027","2018-04-04 05:05:36","26","6","This will be good thing for USDT holders, will make USDT value more stable. https://t.co/oJQ089skJL"
"yhaiyang","980879504221519873","2018-04-02 18:47:52","0","25","RT @coinexcom: We'll add Vote for Token Listing on April 2nd, 2018. 1 CET for 1 vote - Vote for the coins you'd most like to be listed for‚Ä¶"
"yhaiyang","980358493231226880","2018-04-01 08:17:33","0","252","RT @rogerkver: #BTC a year ago 300k txs, now 170k\n#LTC a year ago 2k txs, now 40k\n#ETH a year ago 50k txs, now 750k\n#ETC a year ago 20k txs‚Ä¶"
"yhaiyang","980133408591380480","2018-03-31 17:23:09","0","17","RT @Edward_BitKan: Â∏ÅËµû is a BCH tip bot in weibo ( Chinese twitter ). I build it. https://t.co/S7AlOvU51o"
"yhaiyang","980051747375689728","2018-03-31 11:58:39","8","1","@Heath_KevinKim 100 means 100 BCH, it came from the BCH 100 Club Group, member require hold 100 BCH."
"yhaiyang","980048255730950145","2018-03-31 11:44:47","49","6","BCH 100 Club Meetup https://t.co/FeNoE4eVjN"
"yhaiyang","979999678325338113","2018-03-31 08:31:45","97","22","Bitcoin Cash Meetup in ShenZhen https://t.co/efjVhtRthR"
"yhaiyang","978701493111996416","2018-03-27 18:33:14","0","15","RT @StackmyBCHup: Core have driven away so many BTC users\nBTC blocks are now barely half full.\n&amp; NO it is NOT because of segwit,\nbut due to‚Ä¶"
"yhaiyang","978646717577834497","2018-03-27 14:55:34","87","11","Bitcoin investors: What I can understand (big block) is stupid, what I can‚Äôt understand (segwit) is brilliant."
"yhaiyang","977152238614323200","2018-03-23 11:57:02","173","36","It is so great to see so many Bitcoin Cash supporters in @Satoshis_Vision . Let‚Äôs make BCH the best money."
"yhaiyang","977151490660773888","2018-03-23 11:54:04","0","17","RT @CentbeeWallet: We‚Äôre at @Satoshis_Vision Conference in Tokyo, Japan! Everyone here wants to make Bitcoin cash the best money the world‚Ä¶"
"yhaiyang","977004328555659264","2018-03-23 02:09:18","0","3","RT @oyhmxh: @coinexcom @ViaBTC are here for Bitcoin Cash talk. https://t.co/lGOFqiMquX"
"yhaiyang","974934802779418625","2018-03-17 09:05:45","21","1","@CobraBitcoin ViaBTC is not controlled by Bitmain."
"yhaiyang","973921559122292736","2018-03-14 13:59:28","0","151","RT @CobraBitcoin: Very impressed with how the Bitcoin Cash community is so focused on adoption, it‚Äôs like going back in time, when we used‚Ä¶"
"yhaiyang","973864327617724422","2018-03-14 10:12:03","0","6","RT @ViaBTC: ViaBTC website adding Russian versionüéâ https://t.co/ZYwnV89aS0"
"yhaiyang","973604401972617216","2018-03-13 16:59:12","0","43","RT @coinexcom: Do you know Siacoin (SC) is now Tradable in CoinEx? https://t.co/LyssGTb5HT"
"yhaiyang","971001297238294533","2018-03-06 12:35:24","0","226","RT @CobraBitcoin: Increased my holdings of Bitcoin Cash today. There was a long need for a blockchain good for payments, that makes certain‚Ä¶"
"yhaiyang","970294548306915328","2018-03-04 13:47:02","0","121","RT @rogerkver: Over the next 48 hours someone will match all donations made to The Bitcoin Cash Fund! Over $250K USD raised so far!\nhttps:/‚Ä¶"
"yhaiyang","968713694023770113","2018-02-28 05:05:17","30","11","This is not the C programming language problem, it because the programmers lake of experience. I have use ANSI C as my main programming language for 6 years. https://t.co/P8MJZSXmUk"
"yhaiyang","968150595096920064","2018-02-26 15:47:43","7","0","@BitcoinCashUser @coinexcom @NEO_Blockchain We will."
"yhaiyang","967366822981910529","2018-02-24 11:53:18","16","1","Dammit, BCD is already taken: https://t.co/I71RMsmdux. How about BTD?"
"yhaiyang","967364996828024833","2018-02-24 11:46:02","49","7","Seems interesting. We would like to support it in mining and exchange at the first time. Which symbol would you like to choice? What about BCD (Bitcoin Decentralized) ? https://t.co/E2TpvRrq6G"
"yhaiyang","966956221818339328","2018-02-23 08:41:43","157","35","We just send last month's TX Accelerator income to Bitcoin Cash Fund.  https://t.co/EYVm9D4Ice @BitcoinCashFund"
"yhaiyang","966537761674076161","2018-02-22 04:58:54","31","10","I believe that tokens are important to Bitcoin Cash, but my opinion on OP_GROUP is not important because I am not a developers. It take time to make good software, especially for a public blockchain."
"yhaiyang","966361694002864129","2018-02-21 17:19:16","0","7","RT @emilolden: I think OP_GROUP is the best BCH token proposal because of SPV support and its simplicity. Keep is short and simple. It does‚Ä¶"
"yhaiyang","966360992287358976","2018-02-21 17:16:29","108","24","BTC tx fee is cheap again. It is interesting that both BTC and BCH supporters happy. BTC supporters happy because they believe it is because SW, BCH supporters happy because they believe people are leaving."
"yhaiyang","964182935191638016","2018-02-15 17:01:40","50","6","Three topics lead to friendship end: Chinese Medicine, Genetically Modified Food, Bitcoin Cash."
"yhaiyang","964086260292755456","2018-02-15 10:37:30","37","3","Happy new year! https://t.co/qK15w5owOF"
"yhaiyang","963416647515045888","2018-02-13 14:16:42","0","261","RT @rogerkver: BCH is what BTC used to be.\nThe current BTC is something I am not bullish on.\nIt is slow,  expensive to use, and unreliable‚Ä¶"
"yhaiyang","960184147581927424","2018-02-04 16:11:54","19","5","CoinEx is giving away 1 BILLION FREE CoinEx Token (CET). Deposit to get more CET - Join me  https://t.co/LvIXACoGXe"
"yhaiyang","959632960398901248","2018-02-03 03:41:41","0","406","RT @rogerkver: Fun facts:\n@JihanWu was the first person to translate the Bitcoin white paper into Chinese.\nI was the first person to transl‚Ä¶"
"yhaiyang","959295410786349056","2018-02-02 05:20:23","1","0","@realBitcoinClub Android is coming soon. Public API, YES!"
"yhaiyang","958637221103353856","2018-01-31 09:44:58","38","7","Got my free CoinEx Token. @coinexcom https://t.co/QL5fysC1K5"
"yhaiyang","957575418910973952","2018-01-28 11:25:45","14","0","@Egon_01 @BitcoinBegins @Bitcoin @nathanielpopper @paulvigna @laurashin @rogerkver @ProfFaustus @BKBrianKelly @MelissaLeeCNBC @RiskReversal 1000bits @tipprbot"
"yhaiyang","956551731365609472","2018-01-25 15:37:59","0","15","RT @coinexcom: https://t.co/fqCmCeBK12"
"yhaiyang","955797449792094209","2018-01-23 13:40:44","0","28","RT @ViaBTC: Did you know https://t.co/5X1luB12cv is back?\n\nHello world, this is ViaBTC blockchain explorer. https://t.co/NbmYyLLDJs"
"yhaiyang","955027437401731072","2018-01-21 10:40:59","0","33","RT @coinexcom: We are going to issue a CoinEx Token - ‚ÄúCET‚Äù with a total supply of 10 billion in the coming weeks. The token can be used as‚Ä¶"
"yhaiyang","954270892523073536","2018-01-19 08:34:44","0","34","RT @coinexcom: CoinEx is adding a new member #dogecoin at https://t.co/hF0cdLDJDd. \nTo thank you all for your support, we are thrilled to a‚Ä¶"
"yhaiyang","954211359356370945","2018-01-19 04:38:11","82","13","https://t.co/NiDdudgWY1"
"yhaiyang","952845543855734784","2018-01-15 10:10:55","0","35","RT @coinexcom: Happy Monday guys!\nGood news: We‚Äôll launch 3 more trading pairs for NEW COINS in this week\n\nWhat would you like to trade in‚Ä¶"
"yhaiyang","952761422294876160","2018-01-15 04:36:39","0","11","RT @ViaBTC: We will also have all ViaBTC users' CDY allocated in their CoinEx accounts accordingly. \nPlease sign up with your registered Em‚Ä¶"
"yhaiyang","952030451199127552","2018-01-13 04:12:02","0","4","RT @coinexcom: See you in Telegram, guys: https://t.co/dbOplCoFJq https://t.co/Jwtbm9psQJ"
"yhaiyang","951139171468419072","2018-01-10 17:10:24","0","6","RT @ViaBTC: Good News, ETH miners!\nIf you are mining ETH with ETH-miner, Claymore, or local mining softwares such as ""Changsha Miner"" etc,‚Ä¶"
"yhaiyang","949705245059293185","2018-01-06 18:12:29","0","2213","RT @SatoshiLite: For the next release of Litecoin reference client, we will reduce the relay fees from 0.001 LTC/kb ($0.30/kb) to 0.00001 L‚Ä¶"
"yhaiyang","949668457133428736","2018-01-06 15:46:18","0","113","RT @deadalnix: Bitcoin cash released its whitepaper: https://t.co/qyS5E7CR1x\n\nCheck it out ! You might learn something :)"
"yhaiyang","948451460647276545","2018-01-03 07:10:24","181","30","We just send last month's TX Accelerator income to Bitcoin Cash Fund.  https://t.co/ZUjImNYSXx @__pcd__"
"yhaiyang","947808527971528705","2018-01-01 12:35:37","1","0","@carl_dong @udiWertheimer We have IPv6 to solve this problem, This is IPv6 adoption statistics:  https://t.co/dHTGKcVXDN"
"yhaiyang","947525389819060225","2017-12-31 17:50:31","0","258","RT @PurseIO: Which coin should we add in 2018?"
"yhaiyang","947477378363662338","2017-12-31 14:39:44","25","1","@udiWertheimer Yes. 1 plane is enough for all people in the world, we don‚Äôt need take plane, we just need hold the ticket."
"yhaiyang","947470658996334593","2017-12-31 14:13:02","249","44","Website traffic too much, server crash. CEO: buy more server. CTO: give me 18 months to optimize the code, I can double the performance. CEO: you are fired."
"yhaiyang","947420735873495041","2017-12-31 10:54:40","3","1","@vinnyerrero orphan block is not a problem, variance is."
"yhaiyang","947397830406049792","2017-12-31 09:23:39","76","17","I think reduce the BCH block time is a good idea, it will reduce the requirements of running a mining pool, and make Bitcoin Cash more decentralized. It also can improve the experience of payment."
"yhaiyang","946338373647482880","2017-12-28 11:13:45","40","5","‚ÄúAnswer to the Ultimate Question of Life, The Universe, and Everything?‚Äù  ‚Äî Lightning Network."
"yhaiyang","945962395083587584","2017-12-27 10:19:44","107","22","There are so many Bitcoin forks, but why don‚Äôt have an 100KB block fork?"
"yhaiyang","945589106435694593","2017-12-26 09:36:25","763","276","One picture is worth 1000 words. https://t.co/CMiDObuNf2"
"yhaiyang","945133358052282368","2017-12-25 03:25:26","0","22","RT @coinexcom: üéÑMerry X'mas My FriendsüéÑ\nWe've some news: https://t.co/hF0cdLDJDd is ONLINE &amp; 0.1 LTC is on the way IF you have won our Luck‚Ä¶"
"yhaiyang","944900600507985920","2017-12-24 12:00:33","165","52","We will donate all the incomes of tx accelerator to Bitcoin Cash Fund  @BitcoinCashFund @__pcd__ @BITCOlNCASH https://t.co/UoB2cU6zhF"
"yhaiyang","944533740142804993","2017-12-23 11:42:46","137","43","Now you can use Bitcoin Cash accelerate your Bitcoin Core transaction https://t.co/T59Beryp6D"
"yhaiyang","944312090382147584","2017-12-22 21:02:01","0","178","RT @BITCOlNCASH: The next step. Bitcoin Cash is becoming a Medium of Exchange.\n\nTrade: https://t.co/Po6ohFIPwl https://t.co/15foUlrqwh"
"yhaiyang","943896064683208705","2017-12-21 17:28:53","1","0","@TheFaanie How about BCore"
"yhaiyang","943824568518459393","2017-12-21 12:44:47","35","20","Which is Bitcoin?"
"yhaiyang","943334695999299589","2017-12-20 04:18:12","0","11","RT @ViaBTC: ETH Mining Pool Released TODAY!\nScan QR code and start mining.\nAnd here's our guide of how to mine ETH with GPU in ViaBTC:\nhttp‚Ä¶"
"yhaiyang","943307785898356741","2017-12-20 02:31:16","0","2460","RT @coinbase: Buy, sell, send and receive Bitcoin Cash on Coinbase https://t.co/lL3FPEzBrJ"
"yhaiyang","943306790933897216","2017-12-20 02:27:19","73","14","Coinbase users should thanks @coinbase help you hold Bitcoin cash."
"yhaiyang","943305046061596672","2017-12-20 02:20:23","194","51","Bitcoin cash is nick name of Bitcoin 2.0."
"yhaiyang","942612906973151232","2017-12-18 04:30:04","0","12","RT @memalley: Nice interview with @yhaiyang about #bitcoincash. I can't wait to use @coinexcom https://t.co/694fwYgVDi"
"yhaiyang","941845096172994560","2017-12-16 01:39:04","8","0","@SooMartindale Initial Fork Offering"
"yhaiyang","941844039938146305","2017-12-16 01:34:52","139","21","Bitcoin Cash is Bitcoin, not IFO. I am not Bitcoin Cash created, just one of many big block supporters."
"yhaiyang","941809040283144192","2017-12-15 23:15:47","69","17","Bitpay start support @BITCOlNCASH https://t.co/Yb4qu1Cy3q üéâüéâüéâ"
"yhaiyang","941736358824919040","2017-12-15 18:26:59","0","39","RT @deadalnix: The #bitcoincash website is looking for your help. We need to translate it in as many language as possible. If it doesn't wo‚Ä¶"
"yhaiyang","941363698353946625","2017-12-14 17:46:10","47","6","Disagree, BTC is a store of value and digit gold experiment, we can't do any hard fork and increase block size to keep bitcoin decentralized. https://t.co/9yoTIlyRbd"
"yhaiyang","941252945475018753","2017-12-14 10:26:04","17","0","thanks @cryptovenus keep promoting @blockchain wallet for us https://t.co/B4kHHzjGxF"
"yhaiyang","941252857948397568","2017-12-14 10:25:43","0","8","RT @Edward_BitKan: Use Bitcoin Cash https://t.co/LIlpuRyZZl"
"yhaiyang","941248829193576448","2017-12-14 10:09:43","105","27","The world most popular bitcoin wallet: https://t.co/DTPAczZ4oh support Bitcoin Cash @blockchain"
"yhaiyang","940822136125575174","2017-12-13 05:54:11","47","3","After a deep thought, I think I was wrong: Crypto to Crypto exchange will be a bigger business. That‚Äôs why I start coinex and focus on Crypto to Crypto. https://t.co/XH0PsX6f5k"
"yhaiyang","940634767271239680","2017-12-12 17:29:39","0","38","RT @BitcoinCashFund: Are you interested in seeing Bitcoin Cash grow or how it can be used practically in the real world? Spread the üå± to ot‚Ä¶"
"yhaiyang","940156448587202561","2017-12-11 09:48:59","0","978","RT @coinexcom: #CoinEx Countdown Lucky Draw Begins NOW!\nRetweet to share FREE #BCH\n1k RT = 1 FREE LTC for 10\n3k RT = 1 FREE DASH for 10\n5k‚Ä¶"
"yhaiyang","940099345554186240","2017-12-11 06:02:04","127","28","Lighting Network just is some old thing with new name. In Bitcoin, we are not making a better bank, we don't need bank any more."
"yhaiyang","939926970032205824","2017-12-10 18:37:07","188","55","Is BCH Bitcoin? I think this depend on how do we define Bitcoin. If Bitcoin was what mentioned in satoshi white parer, then YES!"
"yhaiyang","938630117353406464","2017-12-07 04:43:53","0","1","@redtheminer Because Bitfninex not an fait exchange."
"yhaiyang","938618719323824129","2017-12-07 03:58:36","10","0","Nicehash learn nothing from @MtGox @Bitstamp @bitfinex"
"yhaiyang","938613248756129797","2017-12-07 03:36:51","31","8","May be the @ViaBTC wallet https://t.co/VPxVVTHylk is the best wallet now, because we accelerate every deposit and withdraw transaction."
"yhaiyang","938607587796271104","2017-12-07 03:14:22","85","20","I always use steam as an example how bitcoin being used to newbie. But it is so awkward that steam stop accept bitcoin today because of high fee and slow confirmation time: https://t.co/w2lrdk2GRs ‚Ä¶. Hi @steam_games please use Bitcoin cash instead, it have fixed bitcoin."
"yhaiyang","936672755633623040","2017-12-01 19:06:02","3","0","@iCreateOFX Find another leader or became a leader."
"yhaiyang","936664476429860864","2017-12-01 18:33:08","2","0","@StopAndDecrypt compromise is centralization"
"yhaiyang","936663626798186496","2017-12-01 18:29:45","20","5","The community do not need compromise, the community need leaders."
"yhaiyang","936655809764716545","2017-12-01 17:58:41","41","4","The reason why I start my own business is quite simple: all my past bosses are too stupid, so I don‚Äôt want have a boss."
"yhaiyang","934134719901523968","2017-11-24 19:00:47","40","9","Bitcoin Cash Fund site now launched!\nWe're a community-driven, grass-roots org accelerating adoption of #BitcoinCash https://t.co/bJ0DvWje1G"
"yhaiyang","934041751777550336","2017-11-24 12:51:21","36","12","New exchange, BCH pricing. https://t.co/ynR1tdErhB"
"yhaiyang","933774437513543680","2017-11-23 19:09:09","5","0","@Carsten71071425 @VinnyLingham @murchandamus RBF are create by sender, receiver can not decide. Most user don‚Äôt understand RBF."
"yhaiyang","933746222321385472","2017-11-23 17:17:02","0","70","RT @BitcoinCashFund: The Bitcoin Cash Fund has a new logo. We are sowing the seeds for #BitcoinCash to grow. Help us launch our site with a‚Ä¶"
"yhaiyang","933746132710072320","2017-11-23 17:16:40","0","76","RT @SheriUcar: BCH can bring economic freedom to the world. Girl Power! #BitcoinCash is peer-to-peer electronic #Cash #Freedom #BCH https:/‚Ä¶"
"yhaiyang","933745807198633984","2017-11-23 17:15:23","13","0","@JihanWu LOL"
"yhaiyang","933717680808325120","2017-11-23 15:23:37","25","2","Bitcoin Cash should finish the standard as soon as possible. Let the document define what is Bitcoin, not code."
"yhaiyang","933717426503434240","2017-11-23 15:22:36","24","4","I don‚Äôt think low fee should be an advantage of Bitcoin in the long run. A reasonable fee is more healthy. But safe 0 confirmation and stable confirm time definitely should be."
"yhaiyang","933403895069491200","2017-11-22 18:36:45","0","3587","RT @rogerkver: I'll do my best to use https://t.co/6EeRmpfaH7 to educate the world about how Bitcoin Core is no longer the Bitcoin that was‚Ä¶"
"yhaiyang","932978934873862144","2017-11-21 14:28:06","32","2","I just supported Bitcoin Cash Fund Site Launch on @ThunderclapIt // @__pcd__ https://t.co/aPyk06Iee0"
"yhaiyang","931719656867381248","2017-11-18 03:04:11","10","1","-----BEGIN SIGNATURE-----\n1HLLYPKuRdysmewdBJ1LZKVgSQeQcw45WK\nIJp0cTmUQ1qxk2twutN+/5sNWSiw+KyWIG6Q9Qtdg2uKRLzFQQoeBTt08lDyEzQ4qh5khceBQPI/V2TFDZymS4k=\n-----END BITCOIN SIGNED MESSAGE----- https://t.co/NkuX4dPIHu"
"yhaiyang","931719620729253888","2017-11-18 03:04:02","12","1","-----BEGIN BITCOIN SIGNED MESSAGE-----\nThis is Haipo Yang (aka Haiyang) and this is my BCF signing address."
"yhaiyang","929750588945866752","2017-11-12 16:39:48","57","13","As core supporters wish, $100 fee per transaction."
"yhaiyang","929555008999211008","2017-11-12 03:42:39","39","4","Bitcoin Cash became the second big of market value in crypto currency. https://t.co/PGKPlpIYUq"
"yhaiyang","929536826959847424","2017-11-12 02:30:24","111","32","Bitcoin Cash is what I started working  from 2013: a store of value AND means of exchange. https://t.co/p1qFq5p7nc"
"yhaiyang","929402988308791297","2017-11-11 17:38:34","0","809","RT @gavinandresen: Bitcoin Cash is what I started working on in 2010: a store of value AND means of exchange."
"yhaiyang","929341307931074562","2017-11-11 13:33:28","86","19","I think people are free to call Bitcoin Cash as Bitcoin. Bitcoin means free."
"yhaiyang","928321257241587712","2017-11-08 18:00:09","40","12","I have predicted the 2x part of Segwit2X will be fail, that‚Äôs why we must fork the Bitcoin cash."
"yhaiyang","928320142727036929","2017-11-08 17:55:44","34","2","Nobody want Segwit2X, it‚Äôs good to stop the fork, else there will be a big mess."
"yhaiyang","926711957310156800","2017-11-04 07:25:22","27","7","The 100 Bitcoin cash means you need hold 100 BCH to join this group. Send me bitcoin address signature to apply. https://t.co/YoYjIrOuCP"
"yhaiyang","926261294210072576","2017-11-03 01:34:36","0","0","@wangj8j9 Add me wechart: yhaiyang"
"yhaiyang","926257919368118272","2017-11-03 01:21:11","43","13","I‚Äôm holding an 100 Bitcoin cash wechart group, 250+ people join already. Contact me if you want join."
"yhaiyang","917653029561581568","2017-10-10 07:28:26","43","12","The fee market is failing. https://t.co/UAGyNEPxhL"
"yhaiyang","917423471507890176","2017-10-09 16:16:15","95","33","ViaBTC mining pool will support both B1X and B2X, give the choice to our users."
"yhaiyang","913797213859471360","2017-09-29 16:06:47","31","10","Goodbye https://t.co/3bRUFAL0d8 https://t.co/8WAU2Ca9LW"
"yhaiyang","913363610717454337","2017-09-28 11:23:48","0","96","RT @ViaBTC: We just released the open source for ViaBTC trading engine. Fork it on https://t.co/dUrnowdavv"
"yhaiyang","913363597169799168","2017-09-28 11:23:45","0","13","RT @ViaBTC: ViaBTC pool miners of ALL modes can mine Dash with ZERO fees for THREE months, starting from TODAY!\nFor more: https://t.co/iWqB‚Ä¶"
"yhaiyang","913209172677632001","2017-09-28 01:10:08","1","0","@yag_91 @ViaBTC Easy to read and debug, easy to extend and parse. Performance is not bad."
"yhaiyang","913096178765410304","2017-09-27 17:41:08","2","0","@hascendp6 Those ""best practice"" is for stupid people like you to not make stupid mistake."
"yhaiyang","913080883212455936","2017-09-27 16:40:21","37","2","Crypto to crypto exchange is not what I want to do. Crypto currency to fiat is what the real world needed."
"yhaiyang","913021292881747969","2017-09-27 12:43:33","43","19","I just thought the same. ViaBTC will became a OTC trade platform. https://t.co/Q2MdmAQSru"
"yhaiyang","910805569895723008","2017-09-21 09:59:04","8","0","Talking about ViaBTC exchange in bitkan conference. https://t.co/AShGcC4NSf"
"yhaiyang","910438975336099841","2017-09-20 09:42:21","49","3","Nice to meet @ProfFaustus and @deadalnix https://t.co/A2oWz2kdt0"
"yhaiyang","909491078721527808","2017-09-17 18:55:45","43","12","Segwit+LN is a typical over-engineering solution and full of loopholes."
"yhaiyang","909309756220653570","2017-09-17 06:55:14","235","118","Technically, China can't ban bitcoin traffic, we have our own sync network. But if China gov say mining is illegal, we are fucked."
"yhaiyang","908984315886804993","2017-09-16 09:22:03","165","47","China government ban bitcoin because they feel the threats from bitcoin."
"yhaiyang","908723109863104517","2017-09-15 16:04:07","0","977","RT @rogerkver: Google, Gmail, YouTube, Facebook, Twitter, Wikipedia, &amp; now Bitcoin exchanges. If strangers in China try to ban you, you're‚Ä¶"
"yhaiyang","908585934416879616","2017-09-15 06:59:02","0","331","RT @ViaBTC: Announcement on closing ViaBTC exchange platform\nFor more: https://t.co/J4LrIWsDHq https://t.co/4WOB7NawCr"
"yhaiyang","908291029433905152","2017-09-14 11:27:11","4","4","The longest running Bitcoin exchange https://t.co/PXjHX0JcNA will shutdown in 30 sep. https://t.co/1qQSeAfHOD"
"yhaiyang","908208267976830976","2017-09-14 05:58:19","0","1","RT @Egon_01: .@yhaiyang was one of the first who promoted the idea of reference specification. https://t.co/smx0qKrosa"
"yhaiyang","907631424160665601","2017-09-12 15:46:09","13","9","@CowOperate @ViaBTC We won't going to shut down. We will stop CNY deposit and trade if needed."
"yhaiyang","907616315807952896","2017-09-12 14:46:07","0","34","RT @ViaBTC: Announcement on adding new crypto-crypto trading pairs. For more info: https://t.co/ZQfIChez4u https://t.co/cVIEawooVP"
"yhaiyang","907602474613092352","2017-09-12 13:51:07","1","1","@mehra_inde Are you blind?"
"yhaiyang","907588954261569536","2017-09-12 12:57:23","5","9","Bitkan shutdown BTC and BCC OTC platform. https://t.co/I0UbVJl2wm"
"yhaiyang","907163191670562816","2017-09-11 08:45:33","0","10","RT @ViaBTC: Announcement on readjusting transaction fees\nFor more: https://t.co/WznQAXkbCJ https://t.co/zmDKL6JLKR"
"yhaiyang","906166588251844609","2017-09-08 14:45:25","31","28","China will shutdown all exchanges. https://t.co/lmEiF0S5Eo"
"yhaiyang","905027717329862656","2017-09-05 11:19:57","4","1","City gate fire, bring disaster to the fish."
"yhaiyang","904422001141399552","2017-09-03 19:13:03","25","4","Start use my personal account. @ViaBTC will keep neutral."
